category_ids,icon,name,photo,shortname,sort_name,topic
[1],"{'highres_link': 'https://secure.meetupstatic.com/photos/event/1/3/2/a/highres_431404906.jpeg', 'photo_id': 431404906, 'base_url': 'https://secure.meetupstatic.com', 'type': 'event', 'photo_link': 'https://secure.meetupstatic.com/photos/event/1/3/2/a/600_431404906.jpeg', 'thumb_link': 'https://secure.meetupstatic.com/photos/event/1/3/2/a/thumb_431404906.jpeg'}",Arts,"{'highres_link': 'https://secure.meetupstatic.com/photos/event/c/6/f/e/highres_312650942.jpeg', 'photo_id': 312650942, 'base_url': 'https://secure.meetupstatic.com', 'type': 'event', 'photo_link': 'https://secure.meetupstatic.com/photos/event/c/6/f/e/600_312650942.jpeg', 'thumb_link': 'https://secure.meetupstatic.com/photos/event/c/6/f/e/thumb_312650942.jpeg'}",arts-culture,Arts,"{'urlkey': 'art', 'name': 'Art', 'id': 1502}"
"[22, 24, 28]","{'highres_link': 'https://secure.meetupstatic.com/photos/event/1/3/2/b/highres_431404907.jpeg', 'photo_id': 431404907, 'base_url': 'https://secure.meetupstatic.com', 'type': 'event', 'photo_link': 'https://secure.meetupstatic.com/photos/event/1/3/2/b/600_431404907.jpeg', 'thumb_link': 'https://secure.meetupstatic.com/photos/event/1/3/2/b/thumb_431404907.jpeg'}",Beliefs,"{'highres_link': 'https://secure.meetupstatic.com/photos/event/c/7/1/2/highres_312650962.jpeg', 'photo_id': 312650962, 'base_url': 'https://secure.meetupstatic.com', 'type': 'event', 'photo_link': 'https://secure.meetupstatic.com/photos/event/c/7/1/2/600_312650962.jpeg', 'thumb_link': 'https://secure.meetupstatic.com/photos/event/c/7/1/2/thumb_312650962.jpeg'}",beliefs,Beliefs,"{'urlkey': 'spirituality', 'name': 'Spirituality', 'id': 10290}"
[18],"{'highres_link': 'https://secure.meetupstatic.com/photos/event/3/5/0/d/highres_444733581.jpeg', 'photo_id': 444733581, 'base_url': 'https://secure.meetupstatic.com', 'type': 'event', 'photo_link': 'https://secure.meetupstatic.com/photos/event/3/5/0/d/600_444733581.jpeg', 'thumb_link': 'https://secure.meetupstatic.com/photos/event/3/5/0/d/thumb_444733581.jpeg'}",Book Clubs,"{'highres_link': 'https://secure.meetupstatic.com/photos/event/3/2/a/0/highres_444732960.jpeg', 'photo_id': 444732960, 'base_url': 'https://secure.meetupstatic.com', 'type': 'event', 'photo_link': 'https://secure.meetupstatic.com/photos/event/3/2/a/0/600_444732960.jpeg', 'thumb_link': 'https://secure.meetupstatic.com/photos/event/3/2/a/0/thumb_444732960.jpeg'}",book-clubs,Book Clubs,"{'urlkey': 'literature', 'name': 'Literature', 'id': 15321}"
[2],"{'highres_link': 'https://secure.meetupstatic.com/photos/event/1/3/2/e/highres_431404910.jpeg', 'photo_id': 431404910, 'base_url': 'https://secure.meetupstatic.com', 'type': 'event', 'photo_link': 'https://secure.meetupstatic.com/photos/event/1/3/2/e/600_431404910.jpeg', 'thumb_link': 'https://secure.meetupstatic.com/photos/event/1/3/2/e/thumb_431404910.jpeg'}",Career & Business,"{'highres_link': 'https://secure.meetupstatic.com/photos/event/c/7/3/0/highres_312650992.jpeg', 'photo_id': 312650992, 'base_url': 'https://secure.meetupstatic.com', 'type': 'event', 'photo_link': 'https://secure.meetupstatic.com/photos/event/c/7/3/0/600_312650992.jpeg', 'thumb_link': 'https://secure.meetupstatic.com/photos/event/c/7/3/0/thumb_312650992.jpeg'}",career-business,Career & Business,"{'urlkey': 'business-networking', 'name': 'professional-networking', 'id': 15236}"
[5],"{'highres_link': 'https://secure.meetupstatic.com/photos/event/1/3/3/0/highres_431404912.jpeg', 'photo_id': 431404912, 'base_url': 'https://secure.meetupstatic.com', 'type': 'event', 'photo_link': 'https://secure.meetupstatic.com/photos/event/1/3/3/0/600_431404912.jpeg', 'thumb_link': 'https://secure.meetupstatic.com/photos/event/1/3/3/0/thumb_431404912.jpeg'}",Dance,"{'highres_link': 'https://secure.meetupstatic.com/photos/event/c/7/4/4/highres_312651012.jpeg', 'photo_id': 312651012, 'base_url': 'https://secure.meetupstatic.com', 'type': 'event', 'photo_link': 'https://secure.meetupstatic.com/photos/event/c/7/4/4/600_312651012.jpeg', 'thumb_link': 'https://secure.meetupstatic.com/photos/event/c/7/4/4/thumb_312651012.jpeg'}",dancing,Dance,"{'urlkey': 'dance', 'name': 'dancing', 'id': 491}"
[6],"{'highres_link': 'https://secure.meetupstatic.com/photos/event/1/3/3/1/highres_431404913.jpeg', 'photo_id': 431404913, 'base_url': 'https://secure.meetupstatic.com', 'type': 'event', 'photo_link': 'https://secure.meetupstatic.com/photos/event/1/3/3/1/600_431404913.jpeg', 'thumb_link': 'https://secure.meetupstatic.com/photos/event/1/3/3/1/thumb_431404913.jpeg'}",Learning,"{'highres_link': 'https://secure.meetupstatic.com/photos/event/a/4/b/c/highres_312942172.jpeg', 'photo_id': 312942172, 'base_url': 'https://secure.meetupstatic.com', 'type': 'event', 'photo_link': 'https://secure.meetupstatic.com/photos/event/a/4/b/c/600_312942172.jpeg', 'thumb_link': 'https://secure.meetupstatic.com/photos/event/a/4/b/c/thumb_312942172.jpeg'}",education,Learning,"{'urlkey': 'education', 'name': 'Education', 'id': 8476}"
[8],"{'highres_link': 'https://secure.meetupstatic.com/photos/event/2/1/9/8/highres_448388600.jpeg', 'photo_id': 448388600, 'base_url': 'https://secure.meetupstatic.com', 'type': 'event', 'photo_link': 'https://secure.meetupstatic.com/photos/event/2/1/9/8/600_448388600.jpeg', 'thumb_link': 'https://secure.meetupstatic.com/photos/event/2/1/9/8/thumb_448388600.jpeg'}",Fashion & Beauty,"{'highres_link': 'https://secure.meetupstatic.com/photos/event/9/c/0/2/highres_447879938.jpeg', 'photo_id': 447879938, 'base_url': 'https://secure.meetupstatic.com', 'type': 'event', 'photo_link': 'https://secure.meetupstatic.com/photos/event/9/c/0/2/600_447879938.jpeg', 'thumb_link': 'https://secure.meetupstatic.com/photos/event/9/c/0/2/thumb_447879938.jpeg'}",fashion-beauty,Fashion & Beauty,"{'urlkey': 'fashion', 'name': 'Fashion Industry', 'id': 1924}"
[20],"{'highres_link': 'https://secure.meetupstatic.com/photos/event/2/1/9/a/highres_448388602.jpeg', 'photo_id': 448388602, 'base_url': 'https://secure.meetupstatic.com', 'type': 'event', 'photo_link': 'https://secure.meetupstatic.com/photos/event/2/1/9/a/600_448388602.jpeg', 'thumb_link': 'https://secure.meetupstatic.com/photos/event/2/1/9/a/thumb_448388602.jpeg'}",Film,"{'highres_link': 'https://secure.meetupstatic.com/photos/event/9/c/0/1/highres_447879937.jpeg', 'photo_id': 447879937, 'base_url': 'https://secure.meetupstatic.com', 'type': 'event', 'photo_link': 'https://secure.meetupstatic.com/photos/event/9/c/0/1/600_447879937.jpeg', 'thumb_link': 'https://secure.meetupstatic.com/photos/event/9/c/0/1/thumb_447879937.jpeg'}",film,Film,"{'urlkey': 'movies', 'name': 'Watching Movies', 'id': 1201}"
[10],"{'highres_link': 'https://secure.meetupstatic.com/photos/event/1/3/3/3/highres_431404915.jpeg', 'photo_id': 431404915, 'base_url': 'https://secure.meetupstatic.com', 'type': 'event', 'photo_link': 'https://secure.meetupstatic.com/photos/event/1/3/3/3/600_431404915.jpeg', 'thumb_link': 'https://secure.meetupstatic.com/photos/event/1/3/3/3/thumb_431404915.jpeg'}",Food & Drink,"{'highres_link': 'https://secure.meetupstatic.com/photos/event/c/7/5/8/highres_312651032.jpeg', 'photo_id': 312651032, 'base_url': 'https://secure.meetupstatic.com', 'type': 'event', 'photo_link': 'https://secure.meetupstatic.com/photos/event/c/7/5/8/600_312651032.jpeg', 'thumb_link': 'https://secure.meetupstatic.com/photos/event/c/7/5/8/thumb_312651032.jpeg'}",food,Food & Drink,"{'urlkey': 'wine-and-food', 'name': 'wine-and-food-pairing', 'id': 19227}"
"[11, 29]","{'highres_link': 'https://secure.meetupstatic.com/photos/event/1/3/3/5/highres_431404917.jpeg', 'photo_id': 431404917, 'base_url': 'https://secure.meetupstatic.com', 'type': 'event', 'photo_link': 'https://secure.meetupstatic.com/photos/event/1/3/3/5/600_431404917.jpeg', 'thumb_link': 'https://secure.meetupstatic.com/photos/event/1/3/3/5/thumb_431404917.jpeg'}",Sci-Fi & Games,"{'highres_link': 'https://secure.meetupstatic.com/photos/event/c/7/6/2/highres_312651042.jpeg', 'photo_id': 312651042, 'base_url': 'https://secure.meetupstatic.com', 'type': 'event', 'photo_link': 'https://secure.meetupstatic.com/photos/event/c/7/6/2/600_312651042.jpeg', 'thumb_link': 'https://secure.meetupstatic.com/photos/event/c/7/6/2/thumb_312651042.jpeg'}",games-sci-fi,Sci-Fi & Games,"{'urlkey': 'games', 'name': 'Games', 'id': 15992}"
"[14, 33]","{'highres_link': 'https://secure.meetupstatic.com/photos/event/1/3/4/2/highres_431404930.jpeg', 'photo_id': 431404930, 'base_url': 'https://secure.meetupstatic.com', 'type': 'event', 'photo_link': 'https://secure.meetupstatic.com/photos/event/1/3/4/2/600_431404930.jpeg', 'thumb_link': 'https://secure.meetupstatic.com/photos/event/1/3/4/2/thumb_431404930.jpeg'}",Health & Wellness,"{'highres_link': 'https://secure.meetupstatic.com/photos/event/c/7/e/4/highres_312651172.jpeg', 'photo_id': 312651172, 'base_url': 'https://secure.meetupstatic.com', 'type': 'event', 'photo_link': 'https://secure.meetupstatic.com/photos/event/c/7/e/4/600_312651172.jpeg', 'thumb_link': 'https://secure.meetupstatic.com/photos/event/c/7/e/4/thumb_312651172.jpeg'}",health-wellness,Health & Wellness,"{'urlkey': 'wellness', 'name': 'Wellness', 'id': 10306}"
[15],"{'highres_link': 'https://secure.meetupstatic.com/photos/event/1/3/2/f/highres_431404911.jpeg', 'photo_id': 431404911, 'base_url': 'https://secure.meetupstatic.com', 'type': 'event', 'photo_link': 'https://secure.meetupstatic.com/photos/event/1/3/2/f/600_431404911.jpeg', 'thumb_link': 'https://secure.meetupstatic.com/photos/event/1/3/2/f/thumb_431404911.jpeg'}",Hobbies & Crafts,"{'highres_link': 'https://secure.meetupstatic.com/photos/event/c/7/3/a/highres_312651002.jpeg', 'photo_id': 312651002, 'base_url': 'https://secure.meetupstatic.com', 'type': 'event', 'photo_link': 'https://secure.meetupstatic.com/photos/event/c/7/3/a/600_312651002.jpeg', 'thumb_link': 'https://secure.meetupstatic.com/photos/event/c/7/3/a/thumb_312651002.jpeg'}",hobbies-crafts,Hobbies & Crafts,"{'urlkey': 'craftswap', 'name': 'Crafts', 'id': 10099}"
[16],"{'highres_link': 'https://secure.meetupstatic.com/photos/event/1/3/3/7/highres_431404919.jpeg', 'photo_id': 431404919, 'base_url': 'https://secure.meetupstatic.com', 'type': 'event', 'photo_link': 'https://secure.meetupstatic.com/photos/event/1/3/3/7/600_431404919.jpeg', 'thumb_link': 'https://secure.meetupstatic.com/photos/event/1/3/3/7/thumb_431404919.jpeg'}",Language & Culture,"{'highres_link': 'https://secure.meetupstatic.com/photos/event/c/7/7/6/highres_312651062.jpeg', 'photo_id': 312651062, 'base_url': 'https://secure.meetupstatic.com', 'type': 'event', 'photo_link': 'https://secure.meetupstatic.com/photos/event/c/7/7/6/600_312651062.jpeg', 'thumb_link': 'https://secure.meetupstatic.com/photos/event/c/7/7/6/thumb_312651062.jpeg'}",language,Language & Culture,"{'urlkey': 'language', 'name': 'Language & Culture', 'id': 10454}"
[12],"{'highres_link': 'https://secure.meetupstatic.com/photos/event/1/3/3/6/highres_431404918.jpeg', 'photo_id': 431404918, 'base_url': 'https://secure.meetupstatic.com', 'type': 'event', 'photo_link': 'https://secure.meetupstatic.com/photos/event/1/3/3/6/600_431404918.jpeg', 'thumb_link': 'https://secure.meetupstatic.com/photos/event/1/3/3/6/thumb_431404918.jpeg'}",LGBTQ,"{'highres_link': 'https://secure.meetupstatic.com/photos/event/9/c/0/0/highres_447879936.jpeg', 'photo_id': 447879936, 'base_url': 'https://secure.meetupstatic.com', 'type': 'event', 'photo_link': 'https://secure.meetupstatic.com/photos/event/9/c/0/0/600_447879936.jpeg', 'thumb_link': 'https://secure.meetupstatic.com/photos/event/9/c/0/0/thumb_447879936.jpeg'}",lgbtq,LGBTQ,"{'urlkey': 'lgbtfriends', 'name': 'LGBT', 'id': 10050}"
"[4, 13]","{'highres_link': 'https://secure.meetupstatic.com/photos/event/1/3/3/9/highres_431404921.jpeg', 'photo_id': 431404921, 'base_url': 'https://secure.meetupstatic.com', 'type': 'event', 'photo_link': 'https://secure.meetupstatic.com/photos/event/1/3/3/9/600_431404921.jpeg', 'thumb_link': 'https://secure.meetupstatic.com/photos/event/1/3/3/9/thumb_431404921.jpeg'}",Movements,"{'highres_link': 'https://secure.meetupstatic.com/photos/event/c/7/8/a/highres_312651082.jpeg', 'photo_id': 312651082, 'base_url': 'https://secure.meetupstatic.com', 'type': 'event', 'photo_link': 'https://secure.meetupstatic.com/photos/event/c/7/8/a/600_312651082.jpeg', 'thumb_link': 'https://secure.meetupstatic.com/photos/event/c/7/8/a/thumb_312651082.jpeg'}",movements,Movements,"{'urlkey': 'community', 'name': 'Community', 'id': 15227}"
[21],"{'highres_link': 'https://secure.meetupstatic.com/photos/event/1/3/3/a/highres_431404922.jpeg', 'photo_id': 431404922, 'base_url': 'https://secure.meetupstatic.com', 'type': 'event', 'photo_link': 'https://secure.meetupstatic.com/photos/event/1/3/3/a/600_431404922.jpeg', 'thumb_link': 'https://secure.meetupstatic.com/photos/event/1/3/3/a/thumb_431404922.jpeg'}",Music,"{'highres_link': 'https://secure.meetupstatic.com/photos/event/c/7/9/4/highres_312651092.jpeg', 'photo_id': 312651092, 'base_url': 'https://secure.meetupstatic.com', 'type': 'event', 'photo_link': 'https://secure.meetupstatic.com/photos/event/c/7/9/4/600_312651092.jpeg', 'thumb_link': 'https://secure.meetupstatic.com/photos/event/c/7/9/4/thumb_312651092.jpeg'}",music,Music,"{'urlkey': 'music', 'name': 'Music', 'id': 15018}"
"[3, 23]","{'highres_link': 'https://secure.meetupstatic.com/photos/event/1/3/3/b/highres_431404923.jpeg', 'photo_id': 431404923, 'base_url': 'https://secure.meetupstatic.com', 'type': 'event', 'photo_link': 'https://secure.meetupstatic.com/photos/event/1/3/3/b/600_431404923.jpeg', 'thumb_link': 'https://secure.meetupstatic.com/photos/event/1/3/3/b/thumb_431404923.jpeg'}",Outdoors & Adventure,"{'highres_link': 'https://secure.meetupstatic.com/photos/event/c/7/a/8/highres_312651112.jpeg', 'photo_id': 312651112, 'base_url': 'https://secure.meetupstatic.com', 'type': 'event', 'photo_link': 'https://secure.meetupstatic.com/photos/event/c/7/a/8/600_312651112.jpeg', 'thumb_link': 'https://secure.meetupstatic.com/photos/event/c/7/a/8/thumb_312651112.jpeg'}",outdoors-adventure,Outdoors & Adventure,"{'urlkey': 'outdoors', 'name': 'Outdoors', 'id': 15046}"
[25],"{'highres_link': 'https://secure.meetupstatic.com/photos/event/1/3/3/c/highres_431404924.jpeg', 'photo_id': 431404924, 'base_url': 'https://secure.meetupstatic.com', 'type': 'event', 'photo_link': 'https://secure.meetupstatic.com/photos/event/1/3/3/c/600_431404924.jpeg', 'thumb_link': 'https://secure.meetupstatic.com/photos/event/1/3/3/c/thumb_431404924.jpeg'}",Family,"{'highres_link': 'https://secure.meetupstatic.com/photos/event/c/7/8/0/highres_312651072.jpeg', 'photo_id': 312651072, 'base_url': 'https://secure.meetupstatic.com', 'type': 'event', 'photo_link': 'https://secure.meetupstatic.com/photos/event/c/7/8/0/600_312651072.jpeg', 'thumb_link': 'https://secure.meetupstatic.com/photos/event/c/7/8/0/thumb_312651072.jpeg'}",parents-family,Family,"{'urlkey': 'parents', 'name': 'Parents', 'id': 10333}"
[26],"{'highres_link': 'https://secure.meetupstatic.com/photos/event/1/3/3/d/highres_431404925.jpeg', 'photo_id': 431404925, 'base_url': 'https://secure.meetupstatic.com', 'type': 'event', 'photo_link': 'https://secure.meetupstatic.com/photos/event/1/3/3/d/600_431404925.jpeg', 'thumb_link': 'https://secure.meetupstatic.com/photos/event/1/3/3/d/thumb_431404925.jpeg'}",Pets,"{'highres_link': 'https://secure.meetupstatic.com/photos/event/c/7/b/2/highres_312651122.jpeg', 'photo_id': 312651122, 'base_url': 'https://secure.meetupstatic.com', 'type': 'event', 'photo_link': 'https://secure.meetupstatic.com/photos/event/c/7/b/2/600_312651122.jpeg', 'thumb_link': 'https://secure.meetupstatic.com/photos/event/c/7/b/2/thumb_312651122.jpeg'}",pets,Pets,"{'urlkey': 'pets-animals', 'name': 'Pets', 'id': 53052}"
[27],"{'highres_link': 'https://secure.meetupstatic.com/photos/event/2/1/9/7/highres_448388599.jpeg', 'photo_id': 448388599, 'base_url': 'https://secure.meetupstatic.com', 'type': 'event', 'photo_link': 'https://secure.meetupstatic.com/photos/event/2/1/9/7/600_448388599.jpeg', 'thumb_link': 'https://secure.meetupstatic.com/photos/event/2/1/9/7/thumb_448388599.jpeg'}",Photography,"{'highres_link': 'https://secure.meetupstatic.com/photos/event/c/7/b/c/highres_312651132.jpeg', 'photo_id': 312651132, 'base_url': 'https://secure.meetupstatic.com', 'type': 'event', 'photo_link': 'https://secure.meetupstatic.com/photos/event/c/7/b/c/600_312651132.jpeg', 'thumb_link': 'https://secure.meetupstatic.com/photos/event/c/7/b/c/thumb_312651132.jpeg'}",photography,Photography,"{'urlkey': 'photo', 'name': 'Photography', 'id': 223}"
[31],"{'highres_link': 'https://secure.meetupstatic.com/photos/event/1/3/3/f/highres_431404927.jpeg', 'photo_id': 431404927, 'base_url': 'https://secure.meetupstatic.com', 'type': 'event', 'photo_link': 'https://secure.meetupstatic.com/photos/event/1/3/3/f/600_431404927.jpeg', 'thumb_link': 'https://secure.meetupstatic.com/photos/event/1/3/3/f/thumb_431404927.jpeg'}",Social,"{'highres_link': 'https://secure.meetupstatic.com/photos/event/c/7/c/6/highres_312651142.jpeg', 'photo_id': 312651142, 'base_url': 'https://secure.meetupstatic.com', 'type': 'event', 'photo_link': 'https://secure.meetupstatic.com/photos/event/c/7/c/6/600_312651142.jpeg', 'thumb_link': 'https://secure.meetupstatic.com/photos/event/c/7/c/6/thumb_312651142.jpeg'}",social,Social,"{'urlkey': 'social', 'name': 'Social', 'id': 10581}"
"[9, 32]","{'highres_link': 'https://secure.meetupstatic.com/photos/event/1/3/4/0/highres_431404928.jpeg', 'photo_id': 431404928, 'base_url': 'https://secure.meetupstatic.com', 'type': 'event', 'photo_link': 'https://secure.meetupstatic.com/photos/event/1/3/4/0/600_431404928.jpeg', 'thumb_link': 'https://secure.meetupstatic.com/photos/event/1/3/4/0/thumb_431404928.jpeg'}",Sports & Fitness,"{'highres_link': 'https://secure.meetupstatic.com/photos/event/c/7/d/0/highres_312651152.jpeg', 'photo_id': 312651152, 'base_url': 'https://secure.meetupstatic.com', 'type': 'event', 'photo_link': 'https://secure.meetupstatic.com/photos/event/c/7/d/0/600_312651152.jpeg', 'thumb_link': 'https://secure.meetupstatic.com/photos/event/c/7/d/0/thumb_312651152.jpeg'}",sports-fitness,Sports & Fitness,"{'urlkey': 'sports', 'name': 'Sports and Recreation', 'id': 10451}"
[34],"{'highres_link': 'https://secure.meetupstatic.com/photos/event/1/3/4/1/highres_431404929.jpeg', 'photo_id': 431404929, 'base_url': 'https://secure.meetupstatic.com', 'type': 'event', 'photo_link': 'https://secure.meetupstatic.com/photos/event/1/3/4/1/600_431404929.jpeg', 'thumb_link': 'https://secure.meetupstatic.com/photos/event/1/3/4/1/thumb_431404929.jpeg'}",Tech,"{'highres_link': 'https://secure.meetupstatic.com/photos/event/c/7/d/a/highres_312651162.jpeg', 'photo_id': 312651162, 'base_url': 'https://secure.meetupstatic.com', 'type': 'event', 'photo_link': 'https://secure.meetupstatic.com/photos/event/c/7/d/a/600_312651162.jpeg', 'thumb_link': 'https://secure.meetupstatic.com/photos/event/c/7/d/a/thumb_312651162.jpeg'}",tech,Tech,"{'urlkey': 'newtech', 'name': 'New Technology', 'id': 9696}"
[36],"{'highres_link': 'https://secure.meetupstatic.com/photos/event/3/5/0/e/highres_444733582.jpeg', 'photo_id': 444733582, 'base_url': 'https://secure.meetupstatic.com', 'type': 'event', 'photo_link': 'https://secure.meetupstatic.com/photos/event/3/5/0/e/600_444733582.jpeg', 'thumb_link': 'https://secure.meetupstatic.com/photos/event/3/5/0/e/thumb_444733582.jpeg'}",Writing,"{'highres_link': 'https://secure.meetupstatic.com/photos/event/c/7/2/6/highres_312650982.jpeg', 'photo_id': 312650982, 'base_url': 'https://secure.meetupstatic.com', 'type': 'event', 'photo_link': 'https://secure.meetupstatic.com/photos/event/c/7/2/6/600_312650982.jpeg', 'thumb_link': 'https://secure.meetupstatic.com/photos/event/c/7/2/6/thumb_312650982.jpeg'}",writing,Writing,"{'urlkey': 'writing', 'name': 'Writing', 'id': 16728}"
